<?xml version="1.0" encoding="UTF-8"?>

<!DOCTYPE mapper PUBLIC "-//mybatis.org//DTD Mapper 3.0//EN" "http://mybatis.org/dtd/mybatis-3-mapper.dtd">

<mapper namespace="com.example.sbb.dao.BoardDao">
	
<select id="listDao" resultType="com.example.sbb.dto.BoardDto">
	SELECT * 
	FROM PBOARD
</select>
<!--4.select id = listdao 호출해서 DB에 접근 쿼리 실행 후 DTO타입으로 받아냄 -->
<select id="detailDao" resultType="com.example.sbb.dto.BoardDto">
	SELECT * 
	FROM PBOARD
	WHERE PNUM = #{pnum}
</select>

<insert id="writeDao">
  insert into 
  PBOARD 
  values(#{pnum},#{ptitle},#{pname},#{pcontent});
</insert>

<delete id="deleteDao">
	delete 
	from PBOARD
	where PNUM = #{pnum}
</delete>

<update id="modifyDao">
	update PBOARD
	set = #{pcontent} 
	where = #{pnum}
</update>
	
</mapper> -->